filename,split,view_type,rotation_error_deg,flexion_deg,carrying_angle
elbow_00000.png,val,AP,-13.77,157.23,0.0
elbow_00001.png,val,AP,-22.67,158.74,0.0
elbow_00002.png,val,AP,13.13,150.0,0.0
elbow_00003.png,val,AP,-2.82,155.07,0.0
elbow_00004.png,val,AP,5.81,150.0,0.0
elbow_00005.png,val,AP,-19.1,157.47,0.0
elbow_00006.png,val,AP,-4.98,159.43,0.0
elbow_00007.png,val,AP,-10.57,150.0,0.0
elbow_00008.png,val,AP,12.16,150.0,0.0
elbow_00009.png,val,AP,0.47,150.0,0.0
elbow_00010.png,val,AP,23.57,150.0,0.0
elbow_00011.png,val,AP,-3.71,150.0,0.0
elbow_00012.png,val,AP,24.48,150.0,0.0
elbow_00013.png,val,AP,18.01,150.0,0.0
elbow_00014.png,val,AP,24.36,150.0,0.0
elbow_00015.png,val,AP,14.36,152.63,0.0
elbow_00016.png,val,AP,-23.45,159.58,0.0
elbow_00017.png,val,AP,18.13,150.0,0.0
elbow_00018.png,val,AP,17.73,150.0,0.0
elbow_00019.png,val,AP,-6.4,150.0,0.0
elbow_00020.png,val,AP,22.98,150.0,0.0
elbow_00021.png,val,AP,23.73,159.54,0.0
elbow_00022.png,val,AP,17.73,150.0,0.0
elbow_00023.png,val,AP,12.53,154.71,0.0
elbow_00024.png,val,AP,-24.23,150.0,0.0
elbow_00025.png,val,AP,-4.96,150.28,0.0
elbow_00026.png,val,AP,-4.22,156.6,0.0
elbow_00027.png,val,AP,9.32,150.0,0.0
elbow_00028.png,val,AP,1.99,150.0,0.0
elbow_00029.png,val,AP,-10.5,150.09,0.0
elbow_00030.png,val,AP,-4.8,150.0,0.0
elbow_00031.png,val,AP,-23.95,150.0,0.0
elbow_00032.png,val,AP,-16.88,152.44,0.0
elbow_00033.png,val,AP,-9.46,151.24,0.0
elbow_00034.png,val,AP,3.37,154.93,0.0
elbow_00035.png,val,AP,16.91,154.09,0.0
elbow_00036.png,train,AP,15.89,150.0,0.0
elbow_00037.png,train,AP,22.08,150.77,0.0
elbow_00038.png,train,AP,15.5,150.0,0.0
elbow_00039.png,train,AP,23.22,150.0,0.0
elbow_00040.png,train,AP,-23.69,150.0,0.0
elbow_00041.png,train,AP,-1.15,156.69,0.0
elbow_00042.png,train,AP,-14.52,150.0,0.0
elbow_00043.png,train,AP,-1.29,153.21,0.0
elbow_00044.png,train,AP,6.95,156.45,0.0
elbow_00045.png,train,AP,-6.76,150.0,0.0
elbow_00046.png,train,AP,12.12,150.77,0.0
elbow_00047.png,train,AP,7.17,150.0,0.0
elbow_00048.png,train,AP,-17.7,154.39,0.0
elbow_00049.png,train,AP,-18.74,150.0,0.0
elbow_00050.png,train,AP,-23.03,150.0,0.0
elbow_00051.png,train,AP,23.41,159.56,0.0
elbow_00052.png,train,AP,-24.72,150.74,0.0
elbow_00053.png,train,AP,10.89,155.01,0.0
elbow_00054.png,train,AP,10.22,150.0,0.0
elbow_00055.png,train,AP,-17.14,156.94,0.0
elbow_00056.png,train,AP,-6.29,150.0,0.0
elbow_00057.png,train,AP,7.48,150.0,0.0
elbow_00058.png,train,AP,18.65,150.0,0.0
elbow_00059.png,train,AP,18.84,154.53,0.0
elbow_00060.png,train,AP,24.24,150.0,0.0
elbow_00061.png,train,AP,-7.74,150.0,0.0
elbow_00062.png,train,AP,4.41,150.0,0.0
elbow_00063.png,train,AP,20.02,150.0,0.0
elbow_00064.png,train,AP,24.87,152.49,0.0
elbow_00065.png,train,AP,19.68,150.0,0.0
elbow_00066.png,train,AP,20.25,155.41,0.0
elbow_00067.png,train,AP,8.06,158.17,0.0
elbow_00068.png,train,AP,-4.76,154.94,0.0
elbow_00069.png,train,AP,24.84,151.34,0.0
elbow_00070.png,train,AP,9.53,150.0,0.0
elbow_00071.png,train,AP,-11.55,150.0,0.0
elbow_00072.png,train,AP,13.21,156.53,0.0
elbow_00073.png,train,AP,24.16,150.0,0.0
elbow_00074.png,train,AP,-6.33,150.0,0.0
elbow_00075.png,train,AP,-16.64,150.0,0.0
elbow_00076.png,train,AP,-12.23,150.0,0.0
elbow_00077.png,train,AP,-3.81,150.0,0.0
elbow_00078.png,train,AP,-21.77,150.0,0.0
elbow_00079.png,train,AP,-18.91,150.0,0.0
elbow_00080.png,train,AP,-16.97,150.0,0.0
elbow_00081.png,train,AP,-17.91,156.63,0.0
elbow_00082.png,train,AP,-21.65,150.33,0.0
elbow_00083.png,train,AP,11.11,154.16,0.0
elbow_00084.png,train,AP,-20.28,150.0,0.0
elbow_00085.png,train,AP,-3.58,159.91,0.0
elbow_00086.png,train,AP,-21.18,150.0,0.0
elbow_00087.png,train,AP,-21.44,153.03,0.0
elbow_00088.png,train,AP,5.68,153.83,0.0
elbow_00089.png,train,AP,20.84,150.9,0.0
elbow_00090.png,train,AP,12.97,150.0,0.0
elbow_00091.png,train,AP,1.91,155.31,0.0
elbow_00092.png,train,AP,-24.03,153.54,0.0
elbow_00093.png,train,AP,8.43,157.13,0.0
elbow_00094.png,train,AP,2.16,151.05,0.0
elbow_00095.png,train,AP,6.13,150.43,0.0
elbow_00096.png,train,AP,24.98,156.94,0.0
elbow_00097.png,train,AP,7.27,151.64,0.0
elbow_00098.png,train,AP,9.06,154.98,0.0
elbow_00099.png,train,AP,14.39,150.0,0.0
elbow_00100.png,train,AP,0.98,158.32,0.0
elbow_00101.png,train,AP,22.43,150.0,0.0
elbow_00102.png,train,AP,-21.02,150.0,0.0
elbow_00103.png,train,AP,-2.97,150.0,0.0
elbow_00104.png,train,AP,7.66,150.62,0.0
elbow_00105.png,train,AP,-15.66,159.63,0.0
elbow_00106.png,train,AP,16.61,157.07,0.0
elbow_00107.png,train,AP,20.88,150.0,0.0
elbow_00108.png,train,AP,19.58,150.37,0.0
elbow_00109.png,train,AP,21.9,152.38,0.0
elbow_00110.png,train,AP,4.28,150.0,0.0
elbow_00111.png,train,AP,-14.43,158.28,0.0
elbow_00112.png,train,AP,16.81,157.36,0.0
elbow_00113.png,train,AP,-10.81,155.19,0.0
elbow_00114.png,train,AP,24.73,150.0,0.0
elbow_00115.png,train,AP,-5.86,154.54,0.0
elbow_00116.png,train,AP,-15.32,155.02,0.0
elbow_00117.png,train,AP,-13.02,154.41,0.0
elbow_00118.png,train,AP,24.47,150.0,0.0
elbow_00119.png,train,AP,16.12,150.0,0.0
elbow_00120.png,train,AP,-12.11,153.31,0.0
elbow_00121.png,train,AP,1.69,150.0,0.0
elbow_00122.png,train,AP,-4.25,150.0,0.0
elbow_00123.png,train,AP,-17.78,159.28,0.0
elbow_00124.png,train,AP,24.04,150.0,0.0
elbow_00125.png,train,AP,5.58,150.0,0.0
elbow_00126.png,train,AP,12.8,150.0,0.0
elbow_00127.png,train,AP,-3.44,157.72,0.0
elbow_00128.png,train,AP,-22.79,155.26,0.0
elbow_00129.png,train,AP,12.38,150.0,0.0
elbow_00130.png,train,AP,-23.89,150.0,0.0
elbow_00131.png,train,AP,-19.95,150.0,0.0
elbow_00132.png,train,AP,-5.51,156.82,0.0
elbow_00133.png,train,AP,18.65,153.29,0.0
elbow_00134.png,train,AP,0.16,150.0,0.0
elbow_00135.png,train,AP,-7.68,150.0,0.0
elbow_00136.png,train,AP,0.0,150.0,0.0
elbow_00137.png,train,AP,-13.94,150.0,0.0
elbow_00138.png,train,AP,0.37,157.54,0.0
elbow_00139.png,train,AP,-5.97,150.0,0.0
elbow_00140.png,train,AP,-9.88,154.23,0.0
elbow_00141.png,train,AP,16.24,150.0,0.0
elbow_00142.png,train,AP,23.73,150.0,0.0
elbow_00143.png,train,AP,-16.69,150.0,0.0
elbow_00144.png,train,AP,12.86,150.74,0.0
elbow_00145.png,train,AP,-6.43,155.05,0.0
elbow_00146.png,train,AP,0.17,158.05,0.0
elbow_00147.png,train,AP,-0.62,152.11,0.0
elbow_00148.png,train,AP,-8.03,150.0,0.0
elbow_00149.png,train,AP,-3.93,150.0,0.0
elbow_00150.png,train,AP,-13.91,150.0,0.0
elbow_00151.png,train,AP,7.69,155.78,0.0
elbow_00152.png,train,AP,20.07,150.0,0.0
elbow_00153.png,train,AP,-13.03,152.79,0.0
elbow_00154.png,train,AP,24.11,150.0,0.0
elbow_00155.png,train,AP,-16.54,156.01,0.0
elbow_00156.png,train,AP,4.0,159.97,0.0
elbow_00157.png,train,AP,19.27,150.0,0.0
elbow_00158.png,train,AP,-0.08,151.72,0.0
elbow_00159.png,train,AP,-4.45,158.18,0.0
elbow_00160.png,train,AP,15.99,150.0,0.0
elbow_00161.png,train,AP,-23.15,150.0,0.0
elbow_00162.png,train,AP,-5.92,155.22,0.0
elbow_00163.png,train,AP,14.77,156.64,0.0
elbow_00164.png,train,AP,-13.49,152.11,0.0
elbow_00165.png,train,AP,9.4,150.56,0.0
elbow_00166.png,train,AP,11.58,151.56,0.0
elbow_00167.png,train,AP,-1.9,152.07,0.0
elbow_00168.png,train,AP,7.3,150.0,0.0
elbow_00169.png,train,AP,12.86,150.0,0.0
elbow_00170.png,train,AP,10.23,150.0,0.0
elbow_00171.png,train,AP,13.72,153.76,0.0
elbow_00172.png,train,AP,-16.87,154.72,0.0
elbow_00173.png,train,AP,-2.66,150.0,0.0
elbow_00174.png,train,AP,-22.56,153.22,0.0
elbow_00175.png,train,AP,-7.51,150.0,0.0
elbow_00176.png,train,AP,-13.83,150.14,0.0
elbow_00177.png,train,AP,0.86,155.0,0.0
elbow_00178.png,train,AP,-15.49,150.0,0.0
elbow_00179.png,train,AP,12.47,156.86,0.0
elbow_00180.png,train,AP,-15.85,150.0,0.0
elbow_00181.png,train,AP,-11.58,155.49,0.0
elbow_00182.png,train,AP,1.99,152.66,0.0
elbow_00183.png,train,AP,-6.84,150.0,0.0
elbow_00184.png,train,AP,-15.55,157.97,0.0
elbow_00185.png,train,AP,-1.91,151.28,0.0
elbow_00186.png,train,AP,19.31,153.95,0.0
elbow_00187.png,train,AP,-8.84,150.0,0.0
elbow_00188.png,train,AP,-3.91,153.96,0.0
elbow_00189.png,train,AP,22.93,159.77,0.0
elbow_00190.png,train,AP,18.47,155.28,0.0
elbow_00191.png,train,AP,23.18,150.0,0.0
elbow_00192.png,train,AP,7.32,150.0,0.0
elbow_00193.png,train,AP,-12.78,150.12,0.0
elbow_00194.png,train,AP,22.11,159.94,0.0
elbow_00195.png,train,AP,-10.45,151.05,0.0
elbow_00196.png,train,AP,-13.66,153.95,0.0
elbow_00197.png,train,AP,21.37,150.0,0.0
elbow_00198.png,train,AP,7.2,157.87,0.0
elbow_00199.png,train,AP,9.65,152.19,0.0
elbow_00200.png,train,AP,-21.71,150.0,0.0
elbow_00201.png,train,AP,0.39,150.0,0.0
elbow_00202.png,train,AP,-9.13,150.0,0.0
elbow_00203.png,train,AP,13.26,150.0,0.0
elbow_00204.png,train,AP,-23.46,154.41,0.0
elbow_00205.png,train,AP,2.49,159.18,0.0
elbow_00206.png,train,AP,-3.01,150.0,0.0
elbow_00207.png,train,AP,-9.45,157.25,0.0
elbow_00208.png,train,AP,15.51,152.85,0.0
elbow_00209.png,train,AP,-19.03,150.0,0.0
elbow_00210.png,train,AP,-2.09,150.0,0.0
elbow_00211.png,train,AP,11.53,152.29,0.0
elbow_00212.png,train,AP,-8.26,158.12,0.0
elbow_00213.png,train,AP,-16.78,154.53,0.0
elbow_00214.png,train,AP,16.63,155.5,0.0
elbow_00215.png,train,AP,-0.41,153.17,0.0
elbow_00216.png,train,AP,-4.49,150.0,0.0
elbow_00217.png,train,AP,4.49,150.0,0.0
elbow_00218.png,train,AP,-18.45,152.24,0.0
elbow_00219.png,train,AP,-22.71,152.46,0.0
elbow_00220.png,train,AP,-6.37,150.0,0.0
elbow_00221.png,train,AP,18.56,150.0,0.0
elbow_00222.png,train,AP,0.95,157.67,0.0
elbow_00223.png,train,AP,-9.72,150.14,0.0
elbow_00224.png,train,AP,7.78,156.64,0.0
elbow_00225.png,train,AP,-2.48,157.1,0.0
elbow_00226.png,train,AP,19.98,159.51,0.0
elbow_00227.png,train,AP,8.91,150.0,0.0
elbow_00228.png,train,AP,23.62,158.64,0.0
elbow_00229.png,train,AP,14.74,150.0,0.0
elbow_00230.png,train,AP,8.43,150.0,0.0
elbow_00231.png,train,AP,23.65,150.9,0.0
elbow_00232.png,train,AP,0.24,151.78,0.0
elbow_00233.png,train,AP,-1.64,151.5,0.0
elbow_00234.png,train,AP,19.25,150.0,0.0
elbow_00235.png,train,AP,12.51,150.0,0.0
elbow_00236.png,train,AP,3.03,150.0,0.0
elbow_00237.png,train,AP,-8.33,150.0,0.0
elbow_00238.png,train,AP,-10.44,150.0,0.0
elbow_00239.png,train,AP,-13.36,150.0,0.0
elbow_00240.png,val,LAT,-21.52,99.41,0.0
elbow_00241.png,val,LAT,1.97,81.5,0.0
elbow_00242.png,val,LAT,-5.1,73.29,0.0
elbow_00243.png,val,LAT,27.34,87.14,0.0
elbow_00244.png,val,LAT,-17.6,93.66,0.0
elbow_00245.png,val,LAT,-20.76,109.53,0.0
elbow_00246.png,val,LAT,-24.4,76.53,0.0
elbow_00247.png,val,LAT,-2.32,84.24,0.0
elbow_00248.png,val,LAT,-3.12,98.94,0.0
elbow_00249.png,val,LAT,25.99,95.21,0.0
elbow_00250.png,val,LAT,-20.22,73.37,0.0
elbow_00251.png,val,LAT,-28.34,99.51,0.0
elbow_00252.png,val,LAT,-3.59,96.91,0.0
elbow_00253.png,val,LAT,-4.37,71.04,0.0
elbow_00254.png,val,LAT,-24.09,94.8,0.0
elbow_00255.png,val,LAT,20.22,100.01,0.0
elbow_00256.png,val,LAT,3.24,80.8,0.0
elbow_00257.png,val,LAT,16.77,70.33,0.0
elbow_00258.png,val,LAT,10.27,86.34,0.0
elbow_00259.png,val,LAT,-10.04,94.63,0.0
elbow_00260.png,val,LAT,-10.84,83.48,0.0
elbow_00261.png,val,LAT,-9.72,78.46,0.0
elbow_00262.png,val,LAT,7.11,92.67,0.0
elbow_00263.png,val,LAT,-27.66,94.71,0.0
elbow_00264.png,val,LAT,-27.27,75.56,0.0
elbow_00265.png,val,LAT,-18.82,83.7,0.0
elbow_00266.png,val,LAT,-21.09,71.21,0.0
elbow_00267.png,val,LAT,-2.63,97.49,0.0
elbow_00268.png,val,LAT,-28.92,74.97,0.0
elbow_00269.png,val,LAT,-18.12,90.87,0.0
elbow_00270.png,val,LAT,13.11,106.9,0.0
elbow_00271.png,val,LAT,16.45,82.18,0.0
elbow_00272.png,val,LAT,18.64,85.5,0.0
elbow_00273.png,val,LAT,21.81,75.2,0.0
elbow_00274.png,val,LAT,5.05,93.87,0.0
elbow_00275.png,val,LAT,2.4,91.06,0.0
elbow_00276.png,val,LAT,3.41,96.65,0.0
elbow_00277.png,val,LAT,11.05,74.72,0.0
elbow_00278.png,val,LAT,-4.29,109.65,0.0
elbow_00279.png,val,LAT,-13.99,89.73,0.0
elbow_00280.png,val,LAT,-27.45,87.49,0.0
elbow_00281.png,val,LAT,-25.23,102.32,0.0
elbow_00282.png,val,LAT,-25.59,101.72,0.0
elbow_00283.png,val,LAT,-28.03,97.61,0.0
elbow_00284.png,val,LAT,17.33,92.3,0.0
elbow_00285.png,val,LAT,-17.03,97.75,0.0
elbow_00286.png,val,LAT,-4.16,91.91,0.0
elbow_00287.png,val,LAT,29.8,86.77,0.0
elbow_00288.png,val,LAT,29.25,86.89,0.0
elbow_00289.png,val,LAT,19.85,104.09,0.0
elbow_00290.png,val,LAT,20.34,72.93,0.0
elbow_00291.png,val,LAT,-6.77,93.19,0.0
elbow_00292.png,val,LAT,-7.17,70.84,0.0
elbow_00293.png,val,LAT,-4.21,70.73,0.0
elbow_00294.png,val,LAT,17.18,88.58,0.0
elbow_00295.png,val,LAT,11.26,80.79,0.0
elbow_00296.png,val,LAT,-8.28,71.94,0.0
elbow_00297.png,val,LAT,-17.53,72.49,0.0
elbow_00298.png,val,LAT,26.0,79.9,0.0
elbow_00299.png,val,LAT,-26.04,77.25,0.0
elbow_00300.png,val,LAT,-27.7,108.35,0.0
elbow_00301.png,val,LAT,-15.27,108.73,0.0
elbow_00302.png,val,LAT,21.9,101.18,0.0
elbow_00303.png,val,LAT,-16.61,77.44,0.0
elbow_00304.png,val,LAT,4.01,95.68,0.0
elbow_00305.png,val,LAT,-2.76,88.47,0.0
elbow_00306.png,val,LAT,-6.07,89.97,0.0
elbow_00307.png,val,LAT,26.58,104.27,0.0
elbow_00308.png,val,LAT,18.73,70.98,0.0
elbow_00309.png,val,LAT,23.42,107.4,0.0
elbow_00310.png,val,LAT,-27.94,79.54,0.0
elbow_00311.png,val,LAT,7.09,89.1,0.0
elbow_00312.png,val,LAT,3.0,95.65,0.0
elbow_00313.png,val,LAT,24.06,102.25,0.0
elbow_00314.png,val,LAT,-6.47,91.56,0.0
elbow_00315.png,val,LAT,4.56,73.46,0.0
elbow_00316.png,val,LAT,27.42,72.28,0.0
elbow_00317.png,val,LAT,27.77,70.7,0.0
elbow_00318.png,val,LAT,-1.55,107.25,0.0
elbow_00319.png,val,LAT,22.56,92.73,0.0
elbow_00320.png,val,LAT,-7.54,105.53,0.0
elbow_00321.png,val,LAT,-18.29,87.19,0.0
elbow_00322.png,val,LAT,-17.24,80.65,0.0
elbow_00323.png,val,LAT,13.3,109.98,0.0
elbow_00324.png,val,LAT,-16.49,107.52,0.0
elbow_00325.png,val,LAT,18.37,86.38,0.0
elbow_00326.png,val,LAT,-9.95,93.14,0.0
elbow_00327.png,val,LAT,25.52,92.57,0.0
elbow_00328.png,val,LAT,-25.47,77.59,0.0
elbow_00329.png,val,LAT,-3.62,87.65,0.0
elbow_00330.png,val,LAT,9.52,85.5,0.0
elbow_00331.png,val,LAT,-26.06,109.13,0.0
elbow_00332.png,val,LAT,-21.34,73.13,0.0
elbow_00333.png,val,LAT,-22.53,98.17,0.0
elbow_00334.png,val,LAT,29.96,88.62,0.0
elbow_00335.png,val,LAT,-13.4,79.8,0.0
elbow_00336.png,val,LAT,17.68,99.34,0.0
elbow_00337.png,val,LAT,28.28,97.86,0.0
elbow_00338.png,val,LAT,9.51,107.32,0.0
elbow_00339.png,val,LAT,2.42,74.47,0.0
elbow_00340.png,val,LAT,-17.26,73.88,0.0
elbow_00341.png,val,LAT,-27.55,83.47,0.0
elbow_00342.png,val,LAT,14.45,96.78,0.0
elbow_00343.png,val,LAT,15.15,91.73,0.0
elbow_00344.png,val,LAT,12.09,94.06,0.0
elbow_00345.png,val,LAT,13.99,80.24,0.0
elbow_00346.png,val,LAT,3.98,81.04,0.0
elbow_00347.png,val,LAT,-8.78,86.98,0.0
elbow_00348.png,train,LAT,25.02,82.04,0.0
elbow_00349.png,train,LAT,25.97,85.82,0.0
elbow_00350.png,train,LAT,-23.21,81.73,0.0
elbow_00351.png,train,LAT,-1.63,87.9,0.0
elbow_00352.png,train,LAT,-1.88,109.42,0.0
elbow_00353.png,train,LAT,-21.08,91.26,0.0
elbow_00354.png,train,LAT,18.95,79.43,0.0
elbow_00355.png,train,LAT,26.1,105.51,0.0
elbow_00356.png,train,LAT,-20.92,79.44,0.0
elbow_00357.png,train,LAT,18.57,89.97,0.0
elbow_00358.png,train,LAT,7.15,77.91,0.0
elbow_00359.png,train,LAT,21.42,98.41,0.0
elbow_00360.png,train,LAT,-14.31,102.12,0.0
elbow_00361.png,train,LAT,12.87,97.2,0.0
elbow_00362.png,train,LAT,21.77,107.04,0.0
elbow_00363.png,train,LAT,0.56,71.86,0.0
elbow_00364.png,train,LAT,-16.83,98.76,0.0
elbow_00365.png,train,LAT,-28.08,101.33,0.0
elbow_00366.png,train,LAT,19.12,70.97,0.0
elbow_00367.png,train,LAT,-23.19,83.23,0.0
elbow_00368.png,train,LAT,21.38,82.61,0.0
elbow_00369.png,train,LAT,11.82,101.98,0.0
elbow_00370.png,train,LAT,16.39,73.73,0.0
elbow_00371.png,train,LAT,-12.22,93.53,0.0
elbow_00372.png,train,LAT,10.26,84.72,0.0
elbow_00373.png,train,LAT,-17.82,72.03,0.0
elbow_00374.png,train,LAT,26.37,98.19,0.0
elbow_00375.png,train,LAT,-9.87,75.76,0.0
elbow_00376.png,train,LAT,17.52,94.23,0.0
elbow_00377.png,train,LAT,-28.84,86.12,0.0
elbow_00378.png,train,LAT,-16.75,83.08,0.0
elbow_00379.png,train,LAT,20.47,106.59,0.0
elbow_00380.png,train,LAT,-12.71,108.87,0.0
elbow_00381.png,train,LAT,27.08,86.84,0.0
elbow_00382.png,train,LAT,3.07,99.03,0.0
elbow_00383.png,train,LAT,12.97,107.24,0.0
elbow_00384.png,train,LAT,6.05,84.87,0.0
elbow_00385.png,train,LAT,22.92,81.72,0.0
elbow_00386.png,train,LAT,-1.04,87.65,0.0
elbow_00387.png,train,LAT,-7.8,83.84,0.0
elbow_00388.png,train,LAT,3.17,109.89,0.0
elbow_00389.png,train,LAT,15.24,73.32,0.0
elbow_00390.png,train,LAT,22.36,109.59,0.0
elbow_00391.png,train,LAT,26.64,77.74,0.0
elbow_00392.png,train,LAT,10.43,71.25,0.0
elbow_00393.png,train,LAT,29.37,99.21,0.0
elbow_00394.png,train,LAT,3.03,107.66,0.0
elbow_00395.png,train,LAT,-2.18,102.84,0.0
elbow_00396.png,train,LAT,26.14,70.12,0.0
elbow_00397.png,train,LAT,12.45,83.13,0.0
elbow_00398.png,train,LAT,-4.37,78.2,0.0
elbow_00399.png,train,LAT,20.97,91.94,0.0
elbow_00400.png,train,LAT,6.87,106.55,0.0
elbow_00401.png,train,LAT,13.8,92.76,0.0
elbow_00402.png,train,LAT,8.63,104.89,0.0
elbow_00403.png,train,LAT,8.38,107.88,0.0
elbow_00404.png,train,LAT,-6.2,84.96,0.0
elbow_00405.png,train,LAT,-2.89,82.74,0.0
elbow_00406.png,train,LAT,26.01,73.22,0.0
elbow_00407.png,train,LAT,9.6,91.59,0.0
elbow_00408.png,train,LAT,-8.99,108.84,0.0
elbow_00409.png,train,LAT,-23.74,89.37,0.0
elbow_00410.png,train,LAT,-23.46,102.81,0.0
elbow_00411.png,train,LAT,3.68,82.33,0.0
elbow_00412.png,train,LAT,28.78,105.61,0.0
elbow_00413.png,train,LAT,23.88,76.75,0.0
elbow_00414.png,train,LAT,12.52,99.94,0.0
elbow_00415.png,train,LAT,15.0,108.83,0.0
elbow_00416.png,train,LAT,26.21,99.64,0.0
elbow_00417.png,train,LAT,8.88,105.13,0.0
elbow_00418.png,train,LAT,29.67,109.58,0.0
elbow_00419.png,train,LAT,-22.52,106.62,0.0
elbow_00420.png,train,LAT,-6.32,109.58,0.0
elbow_00421.png,train,LAT,4.65,82.09,0.0
elbow_00422.png,train,LAT,21.33,91.61,0.0
elbow_00423.png,train,LAT,2.55,87.21,0.0
elbow_00424.png,train,LAT,6.19,89.41,0.0
elbow_00425.png,train,LAT,-27.97,83.55,0.0
elbow_00426.png,train,LAT,20.5,74.03,0.0
elbow_00427.png,train,LAT,-25.34,70.34,0.0
elbow_00428.png,train,LAT,29.44,95.12,0.0
elbow_00429.png,train,LAT,10.74,104.88,0.0
elbow_00430.png,train,LAT,2.94,89.32,0.0
elbow_00431.png,train,LAT,6.32,77.84,0.0
elbow_00432.png,train,LAT,28.3,73.44,0.0
elbow_00433.png,train,LAT,-7.87,84.51,0.0
elbow_00434.png,train,LAT,-28.11,74.76,0.0
elbow_00435.png,train,LAT,0.77,93.02,0.0
elbow_00436.png,train,LAT,3.53,91.72,0.0
elbow_00437.png,train,LAT,9.94,83.49,0.0
elbow_00438.png,train,LAT,21.56,102.21,0.0
elbow_00439.png,train,LAT,-16.75,91.57,0.0
elbow_00440.png,train,LAT,28.69,83.86,0.0
elbow_00441.png,train,LAT,-22.25,82.59,0.0
elbow_00442.png,train,LAT,22.46,75.43,0.0
elbow_00443.png,train,LAT,11.93,95.82,0.0
elbow_00444.png,train,LAT,6.82,102.4,0.0
elbow_00445.png,train,LAT,3.78,104.16,0.0
elbow_00446.png,train,LAT,19.73,92.29,0.0
elbow_00447.png,train,LAT,25.17,72.56,0.0
elbow_00448.png,train,LAT,-3.83,105.18,0.0
elbow_00449.png,train,LAT,26.29,86.15,0.0
elbow_00450.png,train,LAT,-29.7,83.61,0.0
elbow_00451.png,train,LAT,3.0,71.88,0.0
elbow_00452.png,train,LAT,13.48,78.47,0.0
elbow_00453.png,train,LAT,-28.55,70.1,0.0
elbow_00454.png,train,LAT,-18.66,90.8,0.0
elbow_00455.png,train,LAT,-27.35,85.22,0.0
elbow_00456.png,train,LAT,-11.2,79.36,0.0
elbow_00457.png,train,LAT,-26.28,99.6,0.0
elbow_00458.png,train,LAT,-23.83,80.6,0.0
elbow_00459.png,train,LAT,-5.39,76.71,0.0
elbow_00460.png,train,LAT,24.87,72.52,0.0
elbow_00461.png,train,LAT,-6.33,70.1,0.0
elbow_00462.png,train,LAT,26.07,78.61,0.0
elbow_00463.png,train,LAT,21.96,96.01,0.0
elbow_00464.png,train,LAT,19.32,91.09,0.0
elbow_00465.png,train,LAT,7.27,70.22,0.0
elbow_00466.png,train,LAT,-7.21,79.74,0.0
elbow_00467.png,train,LAT,-1.05,93.1,0.0
elbow_00468.png,train,LAT,-21.71,91.2,0.0
elbow_00469.png,train,LAT,13.0,89.11,0.0
elbow_00470.png,train,LAT,-15.75,88.44,0.0
elbow_00471.png,train,LAT,11.53,97.11,0.0
elbow_00472.png,train,LAT,15.58,100.32,0.0
elbow_00473.png,train,LAT,14.28,83.19,0.0
elbow_00474.png,train,LAT,9.26,89.45,0.0
elbow_00475.png,train,LAT,-18.69,82.72,0.0
elbow_00476.png,train,LAT,-28.23,72.02,0.0
elbow_00477.png,train,LAT,10.03,85.26,0.0
elbow_00478.png,train,LAT,11.83,106.84,0.0
elbow_00479.png,train,LAT,-19.09,70.25,0.0
elbow_00480.png,train,LAT,-12.52,109.33,0.0
elbow_00481.png,train,LAT,29.35,91.81,0.0
elbow_00482.png,train,LAT,-28.33,92.58,0.0
elbow_00483.png,train,LAT,6.67,74.35,0.0
elbow_00484.png,train,LAT,-16.39,109.64,0.0
elbow_00485.png,train,LAT,25.56,87.56,0.0
elbow_00486.png,train,LAT,10.75,72.62,0.0
elbow_00487.png,train,LAT,1.57,101.48,0.0
elbow_00488.png,train,LAT,28.39,94.3,0.0
elbow_00489.png,train,LAT,-0.88,70.58,0.0
elbow_00490.png,train,LAT,11.03,77.39,0.0
elbow_00491.png,train,LAT,28.04,73.67,0.0
elbow_00492.png,train,LAT,10.08,79.73,0.0
elbow_00493.png,train,LAT,-9.8,100.49,0.0
elbow_00494.png,train,LAT,21.37,99.93,0.0
elbow_00495.png,train,LAT,-6.47,80.42,0.0
elbow_00496.png,train,LAT,-24.64,73.79,0.0
elbow_00497.png,train,LAT,-24.34,101.57,0.0
elbow_00498.png,train,LAT,27.36,95.37,0.0
elbow_00499.png,train,LAT,16.61,100.24,0.0
elbow_00500.png,train,LAT,19.76,107.87,0.0
elbow_00501.png,train,LAT,19.81,84.4,0.0
elbow_00502.png,train,LAT,-2.6,105.05,0.0
elbow_00503.png,train,LAT,6.27,75.12,0.0
elbow_00504.png,train,LAT,18.21,101.09,0.0
elbow_00505.png,train,LAT,-9.02,78.45,0.0
elbow_00506.png,train,LAT,-0.74,78.63,0.0
elbow_00507.png,train,LAT,-5.44,82.81,0.0
elbow_00508.png,train,LAT,-2.77,74.73,0.0
elbow_00509.png,train,LAT,29.89,101.16,0.0
elbow_00510.png,train,LAT,-2.13,75.35,0.0
elbow_00511.png,train,LAT,28.06,88.22,0.0
elbow_00512.png,train,LAT,-4.49,82.2,0.0
elbow_00513.png,train,LAT,-17.34,95.5,0.0
elbow_00514.png,train,LAT,6.09,108.74,0.0
elbow_00515.png,train,LAT,-2.04,109.03,0.0
elbow_00516.png,train,LAT,5.57,97.27,0.0
elbow_00517.png,train,LAT,-23.04,101.07,0.0
elbow_00518.png,train,LAT,8.28,88.88,0.0
elbow_00519.png,train,LAT,-27.83,88.33,0.0
elbow_00520.png,train,LAT,22.63,73.21,0.0
elbow_00521.png,train,LAT,-7.28,97.16,0.0
elbow_00522.png,train,LAT,14.23,99.21,0.0
elbow_00523.png,train,LAT,4.63,81.51,0.0
elbow_00524.png,train,LAT,24.23,73.27,0.0
elbow_00525.png,train,LAT,6.75,83.92,0.0
elbow_00526.png,train,LAT,-13.54,98.73,0.0
elbow_00527.png,train,LAT,14.29,88.07,0.0
elbow_00528.png,train,LAT,4.64,74.77,0.0
elbow_00529.png,train,LAT,-23.96,80.13,0.0
elbow_00530.png,train,LAT,-3.54,86.88,0.0
elbow_00531.png,train,LAT,-28.02,104.88,0.0
elbow_00532.png,train,LAT,27.55,88.74,0.0
elbow_00533.png,train,LAT,8.85,105.11,0.0
elbow_00534.png,train,LAT,-22.79,82.28,0.0
elbow_00535.png,train,LAT,19.6,108.92,0.0
elbow_00536.png,train,LAT,4.13,72.03,0.0
elbow_00537.png,train,LAT,17.77,91.06,0.0
elbow_00538.png,train,LAT,-23.33,91.78,0.0
elbow_00539.png,train,LAT,-23.72,93.05,0.0
elbow_00540.png,train,LAT,6.84,99.42,0.0
elbow_00541.png,train,LAT,-5.87,91.73,0.0
elbow_00542.png,train,LAT,-27.54,97.83,0.0
elbow_00543.png,train,LAT,-2.8,72.19,0.0
elbow_00544.png,train,LAT,20.62,82.61,0.0
elbow_00545.png,train,LAT,22.47,85.27,0.0
elbow_00546.png,train,LAT,-29.9,83.87,0.0
elbow_00547.png,train,LAT,-24.75,87.98,0.0
elbow_00548.png,train,LAT,-9.03,85.92,0.0
elbow_00549.png,train,LAT,20.57,86.87,0.0
elbow_00550.png,train,LAT,-27.59,73.5,0.0
elbow_00551.png,train,LAT,20.79,72.14,0.0
elbow_00552.png,train,LAT,22.87,74.73,0.0
elbow_00553.png,train,LAT,-12.75,78.05,0.0
elbow_00554.png,train,LAT,-13.55,79.17,0.0
elbow_00555.png,train,LAT,-28.57,72.01,0.0
elbow_00556.png,train,LAT,28.93,81.33,0.0
elbow_00557.png,train,LAT,21.09,80.97,0.0
elbow_00558.png,train,LAT,-28.17,74.6,0.0
elbow_00559.png,train,LAT,0.34,83.46,0.0
elbow_00560.png,train,LAT,9.26,74.56,0.0
elbow_00561.png,train,LAT,-8.94,72.29,0.0
elbow_00562.png,train,LAT,-22.46,88.71,0.0
elbow_00563.png,train,LAT,15.6,90.15,0.0
elbow_00564.png,train,LAT,9.13,83.8,0.0
elbow_00565.png,train,LAT,18.54,74.15,0.0
elbow_00566.png,train,LAT,-16.19,75.05,0.0
elbow_00567.png,train,LAT,-17.2,72.6,0.0
elbow_00568.png,train,LAT,23.26,88.43,0.0
elbow_00569.png,train,LAT,-22.95,91.85,0.0
elbow_00570.png,train,LAT,-4.02,105.94,0.0
elbow_00571.png,train,LAT,20.87,103.39,0.0
elbow_00572.png,train,LAT,-25.04,77.92,0.0
elbow_00573.png,train,LAT,-9.43,83.31,0.0
elbow_00574.png,train,LAT,20.95,80.17,0.0
elbow_00575.png,train,LAT,-21.46,104.77,0.0
elbow_00576.png,train,LAT,-26.67,99.5,0.0
elbow_00577.png,train,LAT,16.07,81.47,0.0
elbow_00578.png,train,LAT,-4.72,85.11,0.0
elbow_00579.png,train,LAT,-11.86,91.11,0.0
elbow_00580.png,train,LAT,-13.24,74.69,0.0
elbow_00581.png,train,LAT,-20.16,106.52,0.0
elbow_00582.png,train,LAT,2.59,105.83,0.0
elbow_00583.png,train,LAT,-8.43,77.14,0.0
elbow_00584.png,train,LAT,-19.06,96.42,0.0
elbow_00585.png,train,LAT,-0.32,80.11,0.0
elbow_00586.png,train,LAT,-3.24,72.39,0.0
elbow_00587.png,train,LAT,-20.05,72.86,0.0
elbow_00588.png,train,LAT,26.53,96.9,0.0
elbow_00589.png,train,LAT,-3.47,95.7,0.0
elbow_00590.png,train,LAT,13.89,75.07,0.0
elbow_00591.png,train,LAT,18.8,109.66,0.0
elbow_00592.png,train,LAT,19.61,101.98,0.0
elbow_00593.png,train,LAT,6.49,102.15,0.0
elbow_00594.png,train,LAT,11.13,109.81,0.0
elbow_00595.png,train,LAT,3.99,81.26,0.0
elbow_00596.png,train,LAT,27.38,91.85,0.0
elbow_00597.png,train,LAT,24.83,95.89,0.0
elbow_00598.png,train,LAT,8.78,76.97,0.0
elbow_00599.png,train,LAT,23.67,70.71,0.0
elbow_00600.png,train,LAT,-27.94,88.06,0.0
elbow_00601.png,train,LAT,-0.59,78.33,0.0
elbow_00602.png,train,LAT,-29.02,85.24,0.0
elbow_00603.png,train,LAT,21.72,95.74,0.0
elbow_00604.png,train,LAT,-1.75,95.36,0.0
elbow_00605.png,train,LAT,-2.07,102.72,0.0
elbow_00606.png,train,LAT,12.65,81.43,0.0
elbow_00607.png,train,LAT,3.81,92.81,0.0
elbow_00608.png,train,LAT,-3.24,100.54,0.0
elbow_00609.png,train,LAT,-18.03,75.89,0.0
elbow_00610.png,train,LAT,-19.42,97.07,0.0
elbow_00611.png,train,LAT,-25.33,96.94,0.0
elbow_00612.png,train,LAT,2.1,108.18,0.0
elbow_00613.png,train,LAT,-6.76,73.38,0.0
elbow_00614.png,train,LAT,11.87,85.34,0.0
elbow_00615.png,train,LAT,-20.82,90.59,0.0
elbow_00616.png,train,LAT,-15.07,77.85,0.0
elbow_00617.png,train,LAT,28.87,90.89,0.0
elbow_00618.png,train,LAT,-0.83,109.68,0.0
elbow_00619.png,train,LAT,21.65,93.41,0.0
elbow_00620.png,train,LAT,-12.67,93.04,0.0
elbow_00621.png,train,LAT,-18.55,87.36,0.0
elbow_00622.png,train,LAT,-9.43,107.28,0.0
elbow_00623.png,train,LAT,17.18,97.54,0.0
elbow_00624.png,train,LAT,-28.03,80.76,0.0
elbow_00625.png,train,LAT,11.33,73.93,0.0
elbow_00626.png,train,LAT,0.88,104.89,0.0
elbow_00627.png,train,LAT,20.06,105.47,0.0
elbow_00628.png,train,LAT,6.18,105.79,0.0
elbow_00629.png,train,LAT,22.15,79.96,0.0
elbow_00630.png,train,LAT,-2.93,78.57,0.0
elbow_00631.png,train,LAT,19.33,83.01,0.0
elbow_00632.png,train,LAT,8.01,107.69,0.0
elbow_00633.png,train,LAT,-4.32,86.91,0.0
elbow_00634.png,train,LAT,-28.11,84.63,0.0
elbow_00635.png,train,LAT,21.29,96.56,0.0
elbow_00636.png,train,LAT,-26.76,108.33,0.0
elbow_00637.png,train,LAT,23.74,106.86,0.0
elbow_00638.png,train,LAT,-4.01,99.19,0.0
elbow_00639.png,train,LAT,-22.04,86.6,0.0
elbow_00640.png,train,LAT,-18.73,86.84,0.0
elbow_00641.png,train,LAT,-18.33,93.33,0.0
elbow_00642.png,train,LAT,9.33,97.16,0.0
elbow_00643.png,train,LAT,23.11,104.86,0.0
elbow_00644.png,train,LAT,8.42,91.77,0.0
elbow_00645.png,train,LAT,1.45,91.61,0.0
elbow_00646.png,train,LAT,-7.34,109.13,0.0
elbow_00647.png,train,LAT,-4.53,81.96,0.0
elbow_00648.png,train,LAT,-13.02,76.15,0.0
elbow_00649.png,train,LAT,12.0,76.52,0.0
elbow_00650.png,train,LAT,7.54,108.22,0.0
elbow_00651.png,train,LAT,4.99,82.85,0.0
elbow_00652.png,train,LAT,25.99,70.45,0.0
elbow_00653.png,train,LAT,-26.61,95.93,0.0
elbow_00654.png,train,LAT,19.33,71.29,0.0
elbow_00655.png,train,LAT,11.64,74.22,0.0
elbow_00656.png,train,LAT,18.3,72.85,0.0
elbow_00657.png,train,LAT,5.65,72.57,0.0
elbow_00658.png,train,LAT,-15.47,84.48,0.0
elbow_00659.png,train,LAT,15.31,72.88,0.0
elbow_00660.png,train,LAT,13.77,97.95,0.0
elbow_00661.png,train,LAT,-7.82,73.37,0.0
elbow_00662.png,train,LAT,17.19,77.48,0.0
elbow_00663.png,train,LAT,14.05,82.76,0.0
elbow_00664.png,train,LAT,17.95,93.41,0.0
elbow_00665.png,train,LAT,-9.99,93.64,0.0
elbow_00666.png,train,LAT,-22.1,76.11,0.0
elbow_00667.png,train,LAT,-2.47,105.27,0.0
elbow_00668.png,train,LAT,-0.38,102.63,0.0
elbow_00669.png,train,LAT,-7.37,104.64,0.0
elbow_00670.png,train,LAT,-13.84,72.61,0.0
elbow_00671.png,train,LAT,-20.99,97.55,0.0
elbow_00672.png,train,LAT,18.94,84.46,0.0
elbow_00673.png,train,LAT,-3.63,77.04,0.0
elbow_00674.png,train,LAT,1.84,72.42,0.0
elbow_00675.png,train,LAT,-28.95,93.11,0.0
elbow_00676.png,train,LAT,12.66,78.96,0.0
elbow_00677.png,train,LAT,-27.09,77.33,0.0
elbow_00678.png,train,LAT,-20.67,77.63,0.0
elbow_00679.png,train,LAT,29.93,84.37,0.0
elbow_00680.png,train,LAT,-13.21,74.66,0.0
elbow_00681.png,train,LAT,-2.81,98.45,0.0
elbow_00682.png,train,LAT,-12.6,74.87,0.0
elbow_00683.png,train,LAT,27.46,96.62,0.0
elbow_00684.png,train,LAT,4.38,80.81,0.0
elbow_00685.png,train,LAT,20.12,81.59,0.0
elbow_00686.png,train,LAT,-16.43,85.74,0.0
elbow_00687.png,train,LAT,26.01,109.0,0.0
elbow_00688.png,train,LAT,-4.09,87.12,0.0
elbow_00689.png,train,LAT,22.59,96.0,0.0
elbow_00690.png,train,LAT,27.45,89.91,0.0
elbow_00691.png,train,LAT,8.2,103.14,0.0
elbow_00692.png,train,LAT,2.0,89.6,0.0
elbow_00693.png,train,LAT,4.0,75.3,0.0
elbow_00694.png,train,LAT,-24.63,79.87,0.0
elbow_00695.png,train,LAT,19.59,75.33,0.0
elbow_00696.png,train,LAT,14.99,93.83,0.0
elbow_00697.png,train,LAT,28.49,94.14,0.0
elbow_00698.png,train,LAT,-28.72,86.73,0.0
elbow_00699.png,train,LAT,6.47,101.57,0.0
elbow_00700.png,train,LAT,-19.1,82.04,0.0
elbow_00701.png,train,LAT,3.85,80.49,0.0
elbow_00702.png,train,LAT,10.63,92.06,0.0
elbow_00703.png,train,LAT,20.8,94.66,0.0
elbow_00704.png,train,LAT,-17.4,88.66,0.0
elbow_00705.png,train,LAT,25.79,100.78,0.0
elbow_00706.png,train,LAT,-2.36,103.33,0.0
elbow_00707.png,train,LAT,-25.57,87.33,0.0
elbow_00708.png,train,LAT,-10.58,71.01,0.0
elbow_00709.png,train,LAT,1.62,84.25,0.0
elbow_00710.png,train,LAT,9.82,80.36,0.0
elbow_00711.png,train,LAT,-13.61,103.06,0.0
elbow_00712.png,train,LAT,8.69,79.36,0.0
elbow_00713.png,train,LAT,-29.21,99.75,0.0
elbow_00714.png,train,LAT,17.9,98.93,0.0
elbow_00715.png,train,LAT,26.88,106.92,0.0
elbow_00716.png,train,LAT,28.65,88.43,0.0
elbow_00717.png,train,LAT,-22.37,87.53,0.0
elbow_00718.png,train,LAT,-26.22,105.49,0.0
elbow_00719.png,train,LAT,16.1,72.81,0.0
elbow_00720.png,train,LAT,3.73,75.81,0.0
elbow_00721.png,train,LAT,22.08,93.86,0.0
elbow_00722.png,train,LAT,6.7,103.76,0.0
elbow_00723.png,train,LAT,-28.51,71.06,0.0
elbow_00724.png,train,LAT,1.03,105.42,0.0
elbow_00725.png,train,LAT,-26.6,101.24,0.0
elbow_00726.png,train,LAT,0.53,85.36,0.0
elbow_00727.png,train,LAT,-28.66,106.15,0.0
elbow_00728.png,train,LAT,20.78,73.44,0.0
elbow_00729.png,train,LAT,13.25,94.9,0.0
elbow_00730.png,train,LAT,15.91,78.93,0.0
elbow_00731.png,train,LAT,26.13,92.18,0.0
elbow_00732.png,train,LAT,4.94,71.97,0.0
elbow_00733.png,train,LAT,20.28,94.99,0.0
elbow_00734.png,train,LAT,-7.12,85.83,0.0
elbow_00735.png,train,LAT,-19.65,82.52,0.0
elbow_00736.png,train,LAT,-22.99,107.78,0.0
elbow_00737.png,train,LAT,20.78,86.57,0.0
elbow_00738.png,train,LAT,-29.18,83.06,0.0
elbow_00739.png,train,LAT,-20.76,84.09,0.0
elbow_00740.png,train,LAT,19.49,103.11,0.0
elbow_00741.png,train,LAT,-26.19,74.17,0.0
elbow_00742.png,train,LAT,-14.16,102.65,0.0
elbow_00743.png,train,LAT,-27.56,90.82,0.0
elbow_00744.png,train,LAT,-0.32,71.2,0.0
elbow_00745.png,train,LAT,2.13,109.96,0.0
elbow_00746.png,train,LAT,15.05,97.9,0.0
elbow_00747.png,train,LAT,-29.78,76.85,0.0
elbow_00748.png,train,LAT,13.91,104.74,0.0
elbow_00749.png,train,LAT,-20.69,103.56,0.0
elbow_00750.png,train,LAT,10.87,95.42,0.0
elbow_00751.png,train,LAT,-26.81,86.59,0.0
elbow_00752.png,train,LAT,-20.82,101.59,0.0
elbow_00753.png,train,LAT,-23.57,78.1,0.0
elbow_00754.png,train,LAT,-27.59,76.23,0.0
elbow_00755.png,train,LAT,-2.0,106.51,0.0
elbow_00756.png,train,LAT,5.47,83.3,0.0
elbow_00757.png,train,LAT,-20.22,90.19,0.0
elbow_00758.png,train,LAT,-23.74,88.86,0.0
elbow_00759.png,train,LAT,1.64,102.87,0.0
elbow_00760.png,train,LAT,3.42,80.73,0.0
elbow_00761.png,train,LAT,6.77,91.13,0.0
elbow_00762.png,train,LAT,-4.46,72.15,0.0
elbow_00763.png,train,LAT,24.6,83.76,0.0
elbow_00764.png,train,LAT,10.41,77.11,0.0
elbow_00765.png,train,LAT,15.8,85.93,0.0
elbow_00766.png,train,LAT,4.22,100.52,0.0
elbow_00767.png,train,LAT,-4.18,92.37,0.0
elbow_00768.png,train,LAT,13.57,107.6,0.0
elbow_00769.png,train,LAT,19.61,80.31,0.0
elbow_00770.png,train,LAT,22.7,85.77,0.0
elbow_00771.png,train,LAT,-28.3,87.66,0.0
elbow_00772.png,train,LAT,-16.72,78.71,0.0
elbow_00773.png,train,LAT,27.46,73.45,0.0
elbow_00774.png,train,LAT,-11.21,72.95,0.0
elbow_00775.png,train,LAT,2.76,107.34,0.0
elbow_00776.png,train,LAT,4.01,97.04,0.0
elbow_00777.png,train,LAT,20.31,89.0,0.0
elbow_00778.png,train,LAT,0.04,87.22,0.0
elbow_00779.png,train,LAT,-7.72,83.33,0.0
elbow_00780.png,train,LAT,25.65,97.87,0.0
elbow_00781.png,train,LAT,-28.58,102.47,0.0
elbow_00782.png,train,LAT,19.58,101.61,0.0
elbow_00783.png,train,LAT,-27.83,85.08,0.0
elbow_00784.png,train,LAT,-7.67,84.76,0.0
elbow_00785.png,train,LAT,23.59,74.37,0.0
elbow_00786.png,train,LAT,-10.21,80.14,0.0
elbow_00787.png,train,LAT,24.21,73.34,0.0
elbow_00788.png,train,LAT,-14.1,81.38,0.0
elbow_00789.png,train,LAT,17.65,105.33,0.0
elbow_00790.png,train,LAT,-29.85,87.57,0.0
elbow_00791.png,train,LAT,18.69,87.93,0.0
elbow_00792.png,train,LAT,-19.23,85.69,0.0
elbow_00793.png,train,LAT,-1.7,90.6,0.0
elbow_00794.png,train,LAT,-28.03,83.53,0.0
elbow_00795.png,train,LAT,6.16,90.41,0.0
elbow_00796.png,train,LAT,29.84,104.24,0.0
elbow_00797.png,train,LAT,-19.3,81.6,0.0
elbow_00798.png,train,LAT,-29.45,73.87,0.0
elbow_00799.png,train,LAT,-17.8,106.41,0.0
elbow_00800.png,train,LAT,1.37,105.47,0.0
elbow_00801.png,train,LAT,9.02,84.21,0.0
elbow_00802.png,train,LAT,-2.59,106.71,0.0
elbow_00803.png,train,LAT,-29.81,81.88,0.0
elbow_00804.png,train,LAT,-3.84,81.06,0.0
elbow_00805.png,train,LAT,21.56,70.59,0.0
elbow_00806.png,train,LAT,3.74,77.54,0.0
elbow_00807.png,train,LAT,-28.43,109.0,0.0
elbow_00808.png,train,LAT,-16.54,70.33,0.0
elbow_00809.png,train,LAT,18.52,76.34,0.0
elbow_00810.png,train,LAT,-4.92,73.12,0.0
elbow_00811.png,train,LAT,-7.45,75.01,0.0
elbow_00812.png,train,LAT,19.43,92.41,0.0
elbow_00813.png,train,LAT,-12.39,95.22,0.0
elbow_00814.png,train,LAT,-17.44,99.5,0.0
elbow_00815.png,train,LAT,-19.33,81.08,0.0
elbow_00816.png,train,LAT,7.21,98.48,0.0
elbow_00817.png,train,LAT,3.94,85.39,0.0
elbow_00818.png,train,LAT,2.47,95.58,0.0
elbow_00819.png,train,LAT,-17.08,106.75,0.0
elbow_00820.png,train,LAT,1.79,81.52,0.0
elbow_00821.png,train,LAT,29.38,79.09,0.0
elbow_00822.png,train,LAT,25.05,74.78,0.0
elbow_00823.png,train,LAT,-6.76,85.01,0.0
elbow_00824.png,train,LAT,16.05,79.99,0.0
elbow_00825.png,train,LAT,25.41,102.08,0.0
elbow_00826.png,train,LAT,20.12,86.41,0.0
elbow_00827.png,train,LAT,16.81,89.01,0.0
elbow_00828.png,train,LAT,12.84,83.58,0.0
elbow_00829.png,train,LAT,16.11,78.34,0.0
elbow_00830.png,train,LAT,-2.6,81.49,0.0
elbow_00831.png,train,LAT,10.24,104.61,0.0
elbow_00832.png,train,LAT,20.24,93.55,0.0
elbow_00833.png,train,LAT,-7.46,90.67,0.0
elbow_00834.png,train,LAT,-11.46,106.79,0.0
elbow_00835.png,train,LAT,27.63,102.27,0.0
elbow_00836.png,train,LAT,29.41,98.83,0.0
elbow_00837.png,train,LAT,22.03,71.6,0.0
elbow_00838.png,train,LAT,-12.72,70.49,0.0
elbow_00839.png,train,LAT,11.55,104.27,0.0
elbow_00840.png,train,LAT,26.36,76.51,0.0
elbow_00841.png,train,LAT,-29.54,85.67,0.0
elbow_00842.png,train,LAT,9.24,79.66,0.0
elbow_00843.png,train,LAT,-11.84,74.12,0.0
elbow_00844.png,train,LAT,-7.56,82.58,0.0
elbow_00845.png,train,LAT,7.04,105.79,0.0
elbow_00846.png,train,LAT,1.01,87.71,0.0
elbow_00847.png,train,LAT,20.14,89.19,0.0
elbow_00848.png,train,LAT,20.55,82.86,0.0
elbow_00849.png,train,LAT,14.34,72.77,0.0
elbow_00850.png,train,LAT,0.3,106.52,0.0
elbow_00851.png,train,LAT,12.87,94.73,0.0
elbow_00852.png,train,LAT,-19.68,93.87,0.0
elbow_00853.png,train,LAT,19.24,90.37,0.0
elbow_00854.png,train,LAT,9.59,102.64,0.0
elbow_00855.png,train,LAT,29.15,109.43,0.0
elbow_00856.png,train,LAT,-28.33,109.74,0.0
elbow_00857.png,train,LAT,-8.88,72.77,0.0
elbow_00858.png,train,LAT,-10.33,109.3,0.0
elbow_00859.png,train,LAT,20.36,92.15,0.0
elbow_00860.png,train,LAT,-20.62,76.65,0.0
elbow_00861.png,train,LAT,-28.8,85.27,0.0
elbow_00862.png,train,LAT,8.59,104.14,0.0
elbow_00863.png,train,LAT,10.62,92.17,0.0
elbow_00864.png,train,LAT,-14.97,84.08,0.0
elbow_00865.png,train,LAT,26.34,86.07,0.0
elbow_00866.png,train,LAT,26.89,100.88,0.0
elbow_00867.png,train,LAT,17.91,73.48,0.0
elbow_00868.png,train,LAT,-4.26,89.89,0.0
elbow_00869.png,train,LAT,11.73,104.9,0.0
elbow_00870.png,train,LAT,-21.47,106.02,0.0
elbow_00871.png,train,LAT,-11.96,93.31,0.0
elbow_00872.png,train,LAT,-3.08,84.43,0.0
elbow_00873.png,train,LAT,2.86,79.28,0.0
elbow_00874.png,train,LAT,-2.55,84.49,0.0
elbow_00875.png,train,LAT,22.59,88.92,0.0
elbow_00876.png,train,LAT,22.87,90.59,0.0
elbow_00877.png,train,LAT,28.29,89.93,0.0
elbow_00878.png,train,LAT,15.71,77.13,0.0
elbow_00879.png,train,LAT,-16.74,85.9,0.0
elbow_00880.png,train,LAT,7.53,77.69,0.0
elbow_00881.png,train,LAT,-5.4,70.63,0.0
elbow_00882.png,train,LAT,-13.38,72.5,0.0
elbow_00883.png,train,LAT,-28.17,106.4,0.0
elbow_00884.png,train,LAT,-6.99,98.63,0.0
elbow_00885.png,train,LAT,26.83,83.34,0.0
elbow_00886.png,train,LAT,-21.17,73.06,0.0
elbow_00887.png,train,LAT,-8.45,74.91,0.0
elbow_00888.png,train,LAT,-3.16,99.38,0.0
elbow_00889.png,train,LAT,17.6,94.37,0.0
elbow_00890.png,train,LAT,-21.22,98.52,0.0
elbow_00891.png,train,LAT,3.36,85.21,0.0
elbow_00892.png,train,LAT,17.34,91.71,0.0
elbow_00893.png,train,LAT,-0.63,96.14,0.0
elbow_00894.png,train,LAT,11.33,71.52,0.0
elbow_00895.png,train,LAT,21.03,74.78,0.0
elbow_00896.png,train,LAT,-3.46,104.77,0.0
elbow_00897.png,train,LAT,-23.56,100.78,0.0
elbow_00898.png,train,LAT,-18.1,86.16,0.0
elbow_00899.png,train,LAT,5.59,87.11,0.0
elbow_00900.png,train,LAT,-17.51,108.75,0.0
elbow_00901.png,train,LAT,-13.6,95.5,0.0
elbow_00902.png,train,LAT,27.59,100.31,0.0
elbow_00903.png,train,LAT,-23.47,71.94,0.0
elbow_00904.png,train,LAT,-4.74,87.63,0.0
elbow_00905.png,train,LAT,28.21,79.01,0.0
elbow_00906.png,train,LAT,-15.02,98.76,0.0
elbow_00907.png,train,LAT,-6.93,106.26,0.0
elbow_00908.png,train,LAT,3.21,107.48,0.0
elbow_00909.png,train,LAT,-29.06,70.6,0.0
elbow_00910.png,train,LAT,21.8,80.58,0.0
elbow_00911.png,train,LAT,-15.78,84.07,0.0
elbow_00912.png,train,LAT,-12.35,74.35,0.0
elbow_00913.png,train,LAT,-24.76,105.06,0.0
elbow_00914.png,train,LAT,-21.66,78.73,0.0
elbow_00915.png,train,LAT,-18.95,80.48,0.0
elbow_00916.png,train,LAT,25.49,79.15,0.0
elbow_00917.png,train,LAT,7.79,95.71,0.0
elbow_00918.png,train,LAT,12.81,83.91,0.0
elbow_00919.png,train,LAT,9.18,86.35,0.0
elbow_00920.png,train,LAT,4.86,78.92,0.0
elbow_00921.png,train,LAT,28.3,91.69,0.0
elbow_00922.png,train,LAT,-18.46,97.87,0.0
elbow_00923.png,train,LAT,-15.4,94.18,0.0
elbow_00924.png,train,LAT,26.41,97.5,0.0
elbow_00925.png,train,LAT,21.17,86.75,0.0
elbow_00926.png,train,LAT,2.42,76.78,0.0
elbow_00927.png,train,LAT,-28.5,94.93,0.0
elbow_00928.png,train,LAT,-4.95,70.31,0.0
elbow_00929.png,train,LAT,14.86,107.66,0.0
elbow_00930.png,train,LAT,1.33,79.05,0.0
elbow_00931.png,train,LAT,22.32,91.93,0.0
elbow_00932.png,train,LAT,-9.35,88.79,0.0
elbow_00933.png,train,LAT,6.85,82.85,0.0
elbow_00934.png,train,LAT,-15.48,97.73,0.0
elbow_00935.png,train,LAT,-16.72,77.8,0.0
elbow_00936.png,train,LAT,6.67,95.67,0.0
elbow_00937.png,train,LAT,-15.42,92.52,0.0
elbow_00938.png,train,LAT,-18.52,71.37,0.0
elbow_00939.png,train,LAT,8.18,78.78,0.0
elbow_00940.png,train,LAT,28.82,79.25,0.0
elbow_00941.png,train,LAT,12.45,104.45,0.0
elbow_00942.png,train,LAT,-23.35,81.38,0.0
elbow_00943.png,train,LAT,12.13,82.61,0.0
elbow_00944.png,train,LAT,-3.28,107.71,0.0
elbow_00945.png,train,LAT,-26.35,107.3,0.0
elbow_00946.png,train,LAT,-5.43,81.75,0.0
elbow_00947.png,train,LAT,-13.94,92.36,0.0
elbow_00948.png,train,LAT,9.88,78.64,0.0
elbow_00949.png,train,LAT,-5.54,95.58,0.0
elbow_00950.png,train,LAT,6.28,72.26,0.0
elbow_00951.png,train,LAT,-23.41,77.76,0.0
elbow_00952.png,train,LAT,20.9,87.52,0.0
elbow_00953.png,train,LAT,-29.4,80.58,0.0
elbow_00954.png,train,LAT,15.93,85.4,0.0
elbow_00955.png,train,LAT,17.75,82.48,0.0
elbow_00956.png,train,LAT,-1.33,73.69,0.0
elbow_00957.png,train,LAT,19.49,78.59,0.0
elbow_00958.png,train,LAT,-19.14,84.46,0.0
elbow_00959.png,train,LAT,-8.92,94.37,0.0
